{"@class":"com.kony.gen.appprops.KVizAppProps","APPLICATION_THEME":"default","appaddrkey":"","appidkey":"Project033445","appmenu":{"context":{"channel":"tablet","platform":"tabrcandroid"},"desktop":{"data":[{"icon":{"default":"option1.png"},"id":"appmenuitemid1","kuid":"2fbd4b0ceba04864b39c985accba1a0a","title":"Item 1"},{"icon":{"default":"option2.png"},"id":"appmenuitemid2","kuid":"7abb6228393943d49ad9cc4cdc2837dd","title":"Item 2"},{"icon":{"default":"option3.png"},"id":"appmenuitemid3","kuid":"dc7ef429f5fe497c950a2d142bec7f6b","title":"Item 3"},{"icon":{"default":"option4.png"},"id":"appmenuitemid4","kuid":"b4c1c50f1e8b40b3b680e6633bc99e79","title":"Item 4"}]},"focusSkin":"","focusskin":"","mobile":{"data":[{"icon":{"default":"option1.png"},"id":"appmenuitemid1","navigateTo":["logout||action","logout"],"title":"logout"},{"icon":{"default":"option1.png"},"id":"Status","navigateTo":["Statustest6defaultlistform||form","Statustest6defaultlistform"],"title":"Status"},{"icon":{"default":"option1.png"},"id":"Task","navigateTo":["Tasktest6defaultlistform||form","Tasktest6defaultlistform"],"title":"Task"}]},"osPlatform":"","osVersion":"iOS7","skin":"","tablet":{"data":[{"icon":{"default":"option1.png"},"id":"appmenuitemid1","navigateTo":["logout||action","logout"],"title":"Logout"},{"icon":{"default":"option1.png"},"id":"Status","navigateTo":["Statustest6defaulttablistform||form","Statustest6defaulttablistform"],"title":"Status"},{"icon":{"default":"option1.png"},"id":"Task","navigateTo":["Tasktest6defaulttablistform||form","Tasktest6defaulttablistform"],"title":"Task"}]},"wType":"Appmenu"},"appnamekey":"AppFoundation","apppackagekey":"","appversionkey":"1.0.0","build":"debug","createdgaversion":"6.0.0","currentgaversion":"6.0.0","defaulttheme":"defaultTheme","isNewAppWithRespectToAndroidPackageName":"","konyVizVersion":"2.0","mwaddrkey":"","mwhttpsportkey":"","mwportkey":"","project.type":"js","project_version":"sprint20","startupformkey":"testForm026646179a7a146","tabletstartupformkey":"WorkOrdertest6defaulttablistform","vendornamekey":"KonyLabs","winmobileguidkey":""}