{
    "@class": "com.kony.gen.skin.model.KVizSkin",
    "background_color": "ffffffff",
    "bg_type": "one",
    "border_color": "ffffff00",
    "border_style": "plain",
    "border_type": 0,
    "border_width": 0,
    "delinkedPltfrms": {
        "desktop": [],
        "mobile": [
            "iphone",
            "android",
            "spaip",
            "spaan",
            "spawinphone8"
        ],
        "tablet": [
            "ipad",
            "tabrcandroid",
            "spaipad",
            "spaandroidtablet",
            "spawindowstablet"
        ]
    },
    "font_color": "ffffff00",
    "font_name": "",
    "font_size": 100,
    "font_style": "normal",
    "font_weight": "normal",
    "isDefaultSkin": false,
    "kuid": "s568ffe91a294a12be83abaac3c50b25",
    "platforms": {
        "android": {
            "@class": "com.kony.gen.skin.model.KVizAndroidSkin",
            "background_color": "ffffffff",
            "bg_type": "one",
            "font_name": "ClanPro-News",
            "isForked": true,
            "text_shadow": {
                "br": 0,
                "color": "000000ff",
                "nm": 0,
                "x": 0,
                "y": 0
            },
            "wType": "Button"
        },
        "ipad": {
            "@class": "com.kony.gen.skin.model.KVizIPadSkin",
            "background_color": "ffffffff",
            "bg_type": "one",
            "font_name": "ClanPro-News",
            "isForked": true,
            "shadow": {
                "br": 0,
                "color": "000000ff",
                "inner": false,
                "nm": 0,
                "x": 0,
                "y": 0
            },
            "text_shadow": {
                "br": 0,
                "color": "000000ff",
                "nm": 0,
                "x": 0,
                "y": 0
            },
            "wType": "Button"
        },
        "iphone": {
            "@class": "com.kony.gen.skin.model.KVizIPhoneSkin",
            "background_color": "ffffffff",
            "bg_type": "one",
            "font_name": "ClanPro-News",
            "isForked": true,
            "shadow": {
                "br": 0,
                "color": "000000ff",
                "inner": false,
                "nm": 0,
                "x": 0,
                "y": 0
            },
            "text_shadow": {
                "br": 0,
                "color": "000000ff",
                "nm": 0,
                "x": 0,
                "y": 0
            },
            "wType": "Button"
        },
        "spaan": {
            "@class": "com.kony.gen.skin.model.KVizSPAAndroidSkin",
            "background_color": {
                "angle": 0,
                "colors": [
                    "56a9dd00",
                    "3a83a700",
                    "4aa8d100"
                ],
                "cs": [
                    0,
                    50,
                    100
                ],
                "gt": "linear"
            },
            "background_style": "linear",
            "bg_type": "ms_gradient",
            "bottom_left_border_color": "ffffff00",
            "bottom_left_border_style": "plain",
            "bottom_left_border_width": 0,
            "bottom_right_border_color": "ffffff00",
            "bottom_right_border_style": "plain",
            "bottom_right_border_width": 0,
            "isForked": true,
            "shadow": {
                "br": 2,
                "color": "000000ff",
                "ignoredPart": {
                    "br": 2,
                    "color": "ffffffff",
                    "inner": true,
                    "nm": 0,
                    "x": 0,
                    "y": 1
                },
                "inner": false,
                "nm": 0,
                "x": 0,
                "y": 2
            },
            "text_shadow": {
                "br": 0,
                "color": "000000ff",
                "x": 0,
                "y": -1
            },
            "top_left_border_color": "ffffff00",
            "top_left_border_style": "plain",
            "top_left_border_width": 0,
            "top_right_border_color": "ffffff00",
            "top_right_border_style": "plain",
            "top_right_border_width": 0,
            "wType": "Button"
        },
        "spaandroidtablet": {
            "@class": "com.kony.gen.skin.model.KVizSPAAndroidTabletSkin",
            "background_color": {
                "angle": 0,
                "colors": [
                    "56a9dd00",
                    "3a83a700",
                    "4aa8d100"
                ],
                "cs": [
                    0,
                    50,
                    100
                ],
                "gt": "linear"
            },
            "background_style": "linear",
            "bg_type": "ms_gradient",
            "bottom_left_border_color": "ffffff00",
            "bottom_left_border_style": "plain",
            "bottom_left_border_width": 0,
            "bottom_right_border_color": "ffffff00",
            "bottom_right_border_style": "plain",
            "bottom_right_border_width": 0,
            "isForked": true,
            "shadow": {
                "br": 2,
                "color": "000000ff",
                "ignoredPart": {
                    "br": 2,
                    "color": "ffffffff",
                    "inner": true,
                    "nm": 0,
                    "x": 0,
                    "y": 1
                },
                "inner": false,
                "nm": 0,
                "x": 0,
                "y": 2
            },
            "text_shadow": {
                "br": 0,
                "color": "000000ff",
                "x": 0,
                "y": -1
            },
            "top_left_border_color": "ffffff00",
            "top_left_border_style": "plain",
            "top_left_border_width": 0,
            "top_right_border_color": "ffffff00",
            "top_right_border_style": "plain",
            "top_right_border_width": 0,
            "wType": "Button"
        },
        "spaip": {
            "@class": "com.kony.gen.skin.model.KVizSPAIPhoneSkin",
            "background_color": {
                "angle": 0,
                "colors": [
                    "56a9dd00",
                    "3a83a700",
                    "4aa8d100"
                ],
                "cs": [
                    0,
                    50,
                    100
                ],
                "gt": "linear"
            },
            "background_style": "linear",
            "bg_type": "ms_gradient",
            "bottom_left_border_color": "ffffff00",
            "bottom_left_border_style": "plain",
            "bottom_left_border_width": 0,
            "bottom_right_border_color": "ffffff00",
            "bottom_right_border_style": "plain",
            "bottom_right_border_width": 0,
            "isForked": true,
            "shadow": {
                "br": 2,
                "color": "000000ff",
                "ignoredPart": {
                    "br": 2,
                    "color": "ffffffff",
                    "inner": true,
                    "nm": 0,
                    "x": 0,
                    "y": 1
                },
                "inner": false,
                "nm": 0,
                "x": 0,
                "y": 2
            },
            "text_shadow": {
                "br": 0,
                "color": "000000ff",
                "x": 0,
                "y": -1
            },
            "top_left_border_color": "ffffff00",
            "top_left_border_style": "plain",
            "top_left_border_width": 0,
            "top_right_border_color": "ffffff00",
            "top_right_border_style": "plain",
            "top_right_border_width": 0,
            "wType": "Button"
        },
        "spaipad": {
            "@class": "com.kony.gen.skin.model.KVizSPAIPadSkin",
            "background_color": {
                "angle": 0,
                "colors": [
                    "56a9dd00",
                    "3a83a700",
                    "4aa8d100"
                ],
                "cs": [
                    0,
                    50,
                    100
                ],
                "gt": "linear"
            },
            "background_style": "linear",
            "bg_type": "ms_gradient",
            "bottom_left_border_color": "ffffff00",
            "bottom_left_border_style": "plain",
            "bottom_left_border_width": 0,
            "bottom_right_border_color": "ffffff00",
            "bottom_right_border_style": "plain",
            "bottom_right_border_width": 0,
            "isForked": true,
            "shadow": {
                "br": 2,
                "color": "000000ff",
                "ignoredPart": {
                    "br": 2,
                    "color": "ffffffff",
                    "inner": true,
                    "nm": 0,
                    "x": 0,
                    "y": 1
                },
                "inner": false,
                "nm": 0,
                "x": 0,
                "y": 2
            },
            "text_shadow": {
                "br": 0,
                "color": "000000ff",
                "x": 0,
                "y": -1
            },
            "top_left_border_color": "ffffff00",
            "top_left_border_style": "plain",
            "top_left_border_width": 0,
            "top_right_border_color": "ffffff00",
            "top_right_border_style": "plain",
            "top_right_border_width": 0,
            "wType": "Button"
        },
        "spawindowstablet": {
            "@class": "com.kony.gen.skin.model.KVizSPAWindowsTabletSkin",
            "background_color": {
                "angle": 0,
                "colors": [
                    "56a9dd00",
                    "3a83a700",
                    "4aa8d100"
                ],
                "cs": [
                    0,
                    50,
                    100
                ],
                "gt": "linear"
            },
            "background_style": "linear",
            "bg_type": "ms_gradient",
            "bottom_left_border_color": "ffffff00",
            "bottom_left_border_style": "plain",
            "bottom_left_border_width": 0,
            "bottom_right_border_color": "ffffff00",
            "bottom_right_border_style": "plain",
            "bottom_right_border_width": 0,
            "isForked": true,
            "shadow": {
                "br": 2,
                "color": "000000ff",
                "ignoredPart": {
                    "br": 2,
                    "color": "ffffffff",
                    "inner": true,
                    "nm": 0,
                    "x": 0,
                    "y": 1
                },
                "inner": false,
                "nm": 0,
                "x": 0,
                "y": 2
            },
            "text_shadow": {
                "br": 0,
                "color": "000000ff",
                "x": 0,
                "y": -1
            },
            "top_left_border_color": "ffffff00",
            "top_left_border_style": "plain",
            "top_left_border_width": 0,
            "top_right_border_color": "ffffff00",
            "top_right_border_style": "plain",
            "top_right_border_width": 0,
            "wType": "Button"
        },
        "spawinphone8": {
            "@class": "com.kony.gen.skin.model.KVizSPAWinPhone8Skin",
            "background_color": {
                "angle": 0,
                "colors": [
                    "56a9dd00",
                    "3a83a700",
                    "4aa8d100"
                ],
                "cs": [
                    0,
                    50,
                    100
                ],
                "gt": "linear"
            },
            "background_style": "linear",
            "bg_type": "ms_gradient",
            "bottom_left_border_color": "ffffff00",
            "bottom_left_border_style": "plain",
            "bottom_left_border_width": 0,
            "bottom_right_border_color": "ffffff00",
            "bottom_right_border_style": "plain",
            "bottom_right_border_width": 0,
            "isForked": true,
            "shadow": {
                "br": 2,
                "color": "000000ff",
                "ignoredPart": {
                    "br": 2,
                    "color": "ffffffff",
                    "inner": true,
                    "nm": 0,
                    "x": 0,
                    "y": 1
                },
                "inner": false,
                "nm": 0,
                "x": 0,
                "y": 2
            },
            "text_shadow": {
                "br": 0,
                "color": "000000ff",
                "x": 0,
                "y": -1
            },
            "top_left_border_color": "ffffff00",
            "top_left_border_style": "plain",
            "top_left_border_width": 0,
            "top_right_border_color": "ffffff00",
            "top_right_border_style": "plain",
            "top_right_border_width": 0,
            "wType": "Button"
        },
        "tabrcandroid": {
            "@class": "com.kony.gen.skin.model.KVizAndroidTabletSkin",
            "background_color": "ffffffff",
            "bg_type": "one",
            "font_name": "ClanPro-News",
            "isForked": true,
            "text_shadow": {
                "br": 0,
                "color": "000000ff",
                "nm": 0,
                "x": 0,
                "y": 0
            },
            "wType": "Button"
        }
    },
    "wType": "Button"
}