{
    "@class": "com.kony.gen.skin.model.KVizSkin",
    "background_color": "ffffffff",
    "bg_type": "one",
    "border_color": "42424200",
    "border_style": "plain",
    "border_type": 0,
    "border_width": 0,
    "font_color": "1c3f6400",
    "font_name": "",
    "font_size": 114,
    "font_style": "normal",
    "font_weight": "normal",
    "isDefaultSkin": false,
    "kuid": "sad5cc5ed0ff4cef81a9efef6800ec89",
    "platforms": {
        "android": {
            "@class": "com.kony.gen.skin.model.KVizAndroidSkin",
            "font_name": "ClanPro-News",
            "wType": "Label"
        },
        "iphone": {
            "@class": "com.kony.gen.skin.model.KVizIPhoneSkin",
            "font_name": "ClanPro-News",
            "wType": "Label"
        }
    },
    "wType": "Label"
}