{
    "@class": "com.kony.gen.skin.model.KVizSkin",
    "background_color": "ffffff00",
    "bg_type": "one",
    "border_color": "55555500",
    "border_style": "plain",
    "border_type": 0,
    "border_width": 0,
    "font_color": "5e505000",
    "font_name": "",
    "font_size": 107,
    "font_style": "normal",
    "font_weight": "normal",
    "isDefaultSkin": false,
    "kuid": "sd29fca239f741c0a707395d1659f2f4",
    "platforms": {
        "iphone": {
            "@class": "com.kony.gen.skin.model.KVizIPhoneSkin",
            "font_name": "ClanPro-Book",
            "wType": "TextField"
        }
    },
    "wType": "TextField"
}